protocolo,n,payload_bytes,ack_ms,e2e_ms
amqp,1,53,183.4,333.2
amqp,2,53,112.1,123.9
amqp,3,53,97.1,111.1
amqp,4,53,109.6,125.6
amqp,5,53,118.4,136.4
amqp,6,53,109.0,129.1
amqp,7,53,107.4,129.5
amqp,8,53,113.2,137.3
amqp,9,53,104.7,130.9
amqp,10,53,112.3,140.5
amqp,11,53,16112.8,16143.0
amqp,12,53,15203.3,15235.5
amqp,13,53,14200.2,14234.8
amqp,14,53,13197.0,13233.8
amqp,15,53,12194.3,12232.8
amqp,16,53,11191.2,11231.8
amqp,17,53,10188.0,10230.7
amqp,18,53,9184.8,9229.7
amqp,19,53,8181.7,8228.6
amqp,20,53,7178.6,7227.5
amqp,21,53,6225.7,6226.4
amqp,22,53,5222.4,5225.4
amqp,23,53,4218.9,4224.3
amqp,24,53,3215.8,3223.2
amqp,25,53,2212.7,2222.2
amqp,26,53,1209.6,1221.1
amqp,27,53,206.5,220.0
amqp,28,53,106.3,121.8
amqp,29,53,102.5,120.0
amqp,30,53,103.6,123.3
amqp,31,53,99.2,120.8
amqp,32,53,105.1,128.8
amqp,33,53,106.2,131.9
amqp,34,53,110.2,138.0
amqp,35,53,100.0,129.8
amqp,36,53,109.7,141.7
amqp,37,53,109.6,143.7
amqp,38,53,109.5,145.5
amqp,39,53,97.6,135.6
amqp,40,53,105.1,145.0
